GeneType	Contig	Pos	Strand	Sequence	Productive	Locus	ContigStart	ContigEnd	ContigPos
V	NW_025814839.1	14591171	-	TCCAATGAGCTGACTTGGCTCCTGTCAGTGTCAGTGGCCCTGGGACAGACGCCAGGATCACCTGTGGAGAAAACAACATTGGAAGGAAATATGTCCAATGGCACCAGCACAAGTCAGGCCAGGCCCCCATCTATTATTGCAGCAACTGGCCCTCAGAGATCCCTGAGTGACTCTCTGGCTCCCAACTCAGGGAACATGGCCACCCTGACCACCAGTGGGGCCCAGGCCAAGGATGAGGCTATTTCTGTGCCACCTACCATGTCATTGGGAGCACCTGGCAATGACT	True	IGL	14581171	15758467	10000
V	NW_025814839.1	14607270	-	TCCTATGTGCTGACCCAGCCCCCGTCAGTGTCAGCGAACCTGGGACAGACAGCCAGAATCACCTGTGGGGGAAACAACATTGGAAGTAAAAATGCTTACTGGTACCAGCAGAAGCCAGGCCAGGCCCCCATGCTGGTCATTTACTATAGCAGCAACCGGCCCTCAGGGATCCCTGACCGATTCTCTGGCACCAACTCGGGGAACACGGCCACCCTGACCATCAGCGGGGCCCAGGCTGAGGACGAGGCTGACTATTACTGTCAGGTGTGGGATGGCAGTAGTGATGCT	True	IGL	14581171	15758467	26099
V	NW_025814839.1	14621991	-	TCCAGTGGGCTGACTCAGCCTCCCTCAGTGTCGGTGGCCCTGGGACAGACGACCACGATCACCTGCTCTGGAGATGTACTGAGGGAAAGATATGCATATTGGTACCAGCAGAAGCCAGGCCAAGCCCCTGTGCTCCTAACTACTAAAAATACTGAGCGGCCCTCAGGGATCCCTGACCGATTCTCCGGCTCTAACTCGGGGAACACAGCCACCCTGACCATCAGCAGGACGCAGGCAGAGGACGAGGCTGACTATTACTGTCAGTCCTATGACAGCAGTGGGAACGCT	True	IGL	14581171	15758467	40820
V	NW_025814839.1	14629369	-	TCCAGTGAGCTGACTCAGCCACCCTCAGTGTCAGTGGCCCTGGGACAGACAGCTACAATCACCTGCTCTGGAGATGTACTGTCAGAGAAATATTCATCTTGGTACCAGCAGAAGCCAAGCCAAGCACCCGTGCTGGTCATTTATAAGGATAGCGAGCGGCCCTCAGGGATCCCTGACCGATTCTCTGCCTCCAGTTCAGGGAAAACAGTCACGCTGACCATCAGCGGGGCCCAGGCTGAGGATGAGGCTGACTACTACTGTAGGTCATCAGACAGTGCTAATAAGGTT	True	IGL	14581171	15758467	48198
V	NW_025814839.1	14660702	-	TCCTATGAGCTGACTCAGCCCCCCTCAGTGTCTGTGACCCTGGAACAGACGGCTAGAATCACTTGTAGAGGAAACAACATAGGAAGGAAGTATGTTCAATGGTACCAGCAGAAGTCAGGCCAGGCCCCCGTGCTGATTATCTATGAGGACAGCAAACGGCCCTCAGGGATCCCTGACCGATTCTCTGGCACCAACTCGGGGAATATGGCCACCTTGACCATCAGCGGGGCCCGGGCCGAAGATGAGGCTGACTATTACTGCCAGGTGTGGGACAGCAGTAGTGAT	True	IGL	14581171	15758467	79531
V	NW_025814839.1	14672783	-	TCCTATGTGCTGACTCAGCCCCCCTCAGTGTCGGTGAGCCTGGGACAGACGGCCAGGATCACCTGTGGAGGAAACAACATTGAAAGTAAAAGTGTTCACTGGTACCAGCAGAAGTCAGGCCAAACCCCTGTGCTGATTATCTATAGTGATAGCAACCGGCCCTCAGGAATCCCCGACCGATTCTCAGGCACCAACTCGGGGAACACGGCCACCCTGACCATCAGCGGGGCCCGGGCCGAGGACGAGGCTGACTATTACTGTCAGGTGTGGGACAGCAGTAGTGATGCT	True	IGL	14581171	15758467	91612
V	NW_025814839.1	14688187	-	TCCTATGAGCTGACTCAGTCCCCGACAGTGTCAGTGAACCTGGGACAGACCGCCAGGATCACATGTGGAGGAAACAACATTGGAAGTAAAAATGCTTACTGGTACCAGCAGAAGTCAGGCCAGGCCCCCGTGCTGATTATCTATGAGGACAGCAAACGGCCCTCAGGGATCCCTGACCGATTCTCAGGCACCAACTCGGGGAACACGGCCACCCTGACCATCAGCGGGGCCCAGGCCGAGGACGAGGCTGACTATTACTGTCAGTCATATGGTAGCAACTATGTTCCT	True	IGL	14581171	15758467	107016
V	NW_025814839.1	14698282	-	TCCTATGTGCTCACTCAGCCCCCCTCAGTGTCAGTGAACCTGGGACAGACGGCCAGGATCACATGTGGAGGAAACAACATTGGAAGTAAAAATGCTTACTGGTACCAGCAGAAGTCAGGCCAGGCCCCTGTGCTGATTATCTATGAGGACAGCAAACGGCCCTCAGGGATCCCTGACCGATTCTCAGGCACCAACTCGGGGAACACGGCCACCCTGACCATCAGCGGGGCCCGGGCCGAGGACGAGGCTGACTATTACTGTCAGGTGTGGGACAGTGGTAATGCT	True	IGL	14581171	15758467	117111
V	NW_025814839.1	14734846	-	TCCAGTGAGGTGACTCAGCCGCCCTCAGTGTCAGTGGCCCTGGGACAGACGGCTAGAATCACCTGCTCTGGAGATATGATGGAGAAAAAATATACCAATTGGCACCAGCAGAAGCCAGGTCAAGCCCCCATACAGATCATTTATAAGGATAGTGAGCGGCCCTCAGGGATTCCTGACCGATTCTCTAGCTCCAGTTCAGGGAAAACAGTCACCCTGACCATCAGCGGGGCCCGGGCCGAAGACGAGGCTGACTATTACTGTCAGTCTTATGACATCAGTAGTAACGCT	True	IGL	14581171	15758467	153675
V	NW_025814839.1	14754691	-	TCCTATGTGCTCACTCAGCCCCCCTCAGTGTCAGTGAACCTGGGACAGACGGCCAGGATCACGTGTGGAGGAAACAACATTGGAAGTAATTATGCTTACTGGTACCAGCAGAAGTCAGGCCAGGCCCCTGTGCTGATTATCTATGAGGACAGCAACCGGCCCTCAGGGATCCCTGACCGATTCTCAGGCACCAACTCGGGGAACACGGCCACCCTGACCATCAGCGGGGCCCAGGCCGAGGACGAGGCTGACTATTACTGTCAGTCATATGAGAGCAACTATGATCCT	True	IGL	14581171	15758467	173520
V	NW_025814839.1	14828357	-	TCCTATGTGCTCACTCAGCCCCCGTCAGTATCAGTGAACCTGGGACAGACGGCCAGGATCACGTGTGGAGGAAACAACATTGGAAGTGAATATGCTTACTGGTACCAGCAGAAGTCAGGCCAGGCTCCTGTGCTGATTATCTATAAGGACAGCAAACGGCCCTCAGGGATCCCTGACCGATTCTCAGGCACCAACTCGGGGAACACGGCCACCCTGACCATCAGCGGGGCCCGGGCCGAGGACGAGGCTGACTATTACTGTCAGTCATATGACAGCAACTATGATCCT	True	IGL	14581171	15758467	247186
V	NW_025814839.1	14840796	-	GCTTCTGAACTGACTCAGCCACCTGCGGTGTCTGTGGCCTTGGGACAGACGGCCACGATTACATGCGAGGGAGACAGCTTTGAAAGCAGTATTATTAACTGGTATCAGCAGAAACCAGGCCAAGCCCCCGTGCTGGTCATTTATGAGGATAGTGAGCAGCCCACAGGGATTCCTGACAGATTCTCTGGCTCCAGCTCGGGGGATGCAGCCACTCTGACCATCACCGGGGCCCAGGCTGAGGACGAGGCTGACTATTACTGTCAGTCCTATGATAACAGTGGTGATGCT	True	IGL	14581171	15758467	259625
V	NW_025814839.1	14877777	-	TCCTACGTGCTGACTCAGCCCCCGTCAGTATCAGTGAACCTGGGACAGACCGCCAGGATCACATGTGGAGGAAACAACATTGGAAGTTATTATGCTCACTGGTACCAGCAGAAGTCAGGCCAGGCCCCTGTGCTGATTATCTATAAGGATAGCAACCGGCCCTCAGGGATCCCTGACCGATTCTCAGGCACCAACTCGGGGAACACGGCCACCCTGACCATCAGCGGGGCCCGGGCCGAGGACGAGGCTGACTATTACTGTCAGGTGTGGGACAGTGGTAATGCT	True	IGL	14581171	15758467	296606
V	NW_025814839.1	14913071	-	TCCTACGTGCTGACTCAGCCCCCGTCAGTGTCAATGAACCTGGGAAAGACGGCCAGGATCACGTGTGGAGGAAACAACATTGGAAGTAAATATGCTTACTGGTACCAGCAGAAGCCAGGCCGGGCCCCCGTGATGATTATCTATGATGATAGCAAAAGGTCCTCAAGGACCCCTGACCGATTCTCAGGCACCAGCTCGGGGAACACGGCCACCCTCACCATCAGCGGGGCCCAGGCCGAGGACGAGGCCAACTATTACTGTCAGGTGTGGGGTGGCAATAGTGATGCT	True	IGL	14581171	15758467	331900
V	NW_025814839.1	14922043	-	CAGTCTGTCCTGAATCAGCCTCCCTCAGTGTCCGGGGATCTGGGACGCACAGTCACCATCTCCTGTGCTGGCAGCAGCAATGACATTGGGAGATATAATTACGTCTCCTGGTACCAACAGCTCGAAGGCACACCCCCCAAACTCCTGATTTATAATGTGAATTCCCGGCCTTCAGGGATCCCTGATCGCTTCTCTGGCTCCAAGTCTGGCAACACGGCCTCCTTGACCATCTCTGGGCTCCAGGCTGAAGATGAGGCTGATTATTACTGTTGCTCATATGCTAGTAGTAATACTCTC	True	IGL	14581171	15758467	340872
V	NW_025814839.1	15053170	-	CAATTTGTGGTGACCCAGCCACCTTCCCTCTCTGCATCTCTGGGAACAACAGCCAGACTCACCTGCACCCTCAACAGTGAAAGGATTGATATTTACCCCATATTCTGGTACCAGCAAAAGCCAGGGAGCCCTCCTCGTTACCTCCTTACCTATGTCACAGACTCAAATAAGCATCAAGGCTCTGGGGTCCCCAGCCACTTCTCTGGATCCAAAGATGCCTCTGCCAATGCAGGGATTTTGCTCATTTCTGGGCTTCAATCAGAGGATGAGGCAGACTATTACTGTCAGTCATTTGATGTTGGTGACGGA	True	IGL	14581171	15758467	471999
V	NW_025814839.1	15061284	-	CAGCCTGTGCTGACCCAGCTGTCCTCCCTCTCTGCATCTCTGGGAACAACCAGAATCACCTGCACCCTGAGCAGTGGCTTCAATATTGGCAGCTACTACATAAACTGGTTCTGGCAGAAGCCAGGGAGCCCTCCCTGGTATCTCCCAAGCTTCCACTCAGACTCAAATAAACACCAGGACGCTGGGGTCCCCAGCCACTTCTCTGGATCCAAGGATGCCTCAGCCAATGCAAGACTTCTGTTCATCTCTGGGCTGCAGCCTGAGCACGAGGCTATTACTGTGCCACAGATCATGGCAGTGGGAGCAGCTTTTGTTACT	True	IGL	14581171	15758467	480113
V	NW_025814839.1	15070148	-	CAGTCTGTACTGACTCAGCCATCCTCGGTGTCAGGCTCCTTGGGCCAGAGGGTCACCATCTCCTGCACTGGAAGCAGTTCCAACATCGGTAGAAATTATGTGAGCTGGTACCAACAACTCCCAGGCAAAACCCCCAAAACCATAATCTATAGGGACAATAGCAGACCCTCAGGGGTCCCTGATCGATTCTCCGGCTCCAAGTCTGGCAGCACAGGCACCCTGACCATCACTGGGCTCCAGGCTGAGGACGAGGCTGATTATTATTGTGCATCATGGGATAACAGTCGCAGTGCTCA	True	IGL	14581171	15758467	488977
V	NW_025814839.1	15080810	-	CAGTCTGTGCTGACTCAGCCGCCCTCAGTGTCTGGGGCCCTGGGCCAGACGGTCACCATCTCCTGCGCTGGAGGTGCCAACAACATCGGTATTGTTGGTGTGATCTGGTACCAACAGCTTCCAGGAAAGGCCCCTAAACTCCTCATCTATGGTAGTAGCGATCGACCCTCAGGGGTCCCTGACAGATTTTCTGGCTCCACGTGTGGCAACACAGGCTCCTTGACCATCACTGGGCTCCAGGCTGAGGACGAGGCTGATTATTACTGCCAGTCTGTTGACGTTACTCAAGGTGCTGACACAGTGC	True	IGL	14581171	15758467	499639
V	NW_025814839.1	15104063	-	CAGTCTAGGCTGACTCAGCCGCCCTCAGTGTCTGGATCTCTGGGCCAGAGGGTCACCATCTCCTGCGCTGGAAGCAGCTCTAATATTGGTGGTTATGCTGTGAACTGGCACCAACAATTCCCAGGAATGGCCCCCAAAACCATCATCTATGGTAATAGCAATCGACCCTCTGGGGTCCCAGATCGATTCTCCGGCTCCAAGTCTGGCAACACAGGCACCCTGACCATCACTGGGCTCCAGGCTGAGGACGAGGCTGATTATTACTGCTCATCGTGGGACAGCAGTGGCAGTGCTCG	True	IGL	14581171	15758467	522892
V	NW_025814839.1	15120539	-	CAGTCTATGCTGACTCAGCCGCCATCAGTGTCTGGGGCCCTGGGCCAGATGGTCACCATCTCTTGCAGTGGAGGCACCAACAGCATTGATATTTATGGTATGAACTGGTACCAACAGCTTCCGGGAAAGGCCCTTAAACTCCTCATCTATGGTAGTAGCAATCGACCCTCAGGGGTCCCTGACAGATTTTCTGGCTCCACATCTGGCAACACAGGCTCCTTGACCATCACTGGACTCCAGGCTGAGGACGAGGTTGATTATTACTGCCAGTCTCTTGACATTACTCAAGGTGCTGA	True	IGL	14581171	15758467	539368
V	NW_025814839.1	15143317	-	CAGTCTGTGCTGACTCAGCCACCATCAGTGTCTGGGACCCTAGGCCAGAGGATCACCATTTCCTGCACCGGAAGCAGCTCCAACATCGGGGGTGGTAATGATGTGAGCTGGTACCAACAAGTCCCAGGAATGGGCCCCAAAACCGTCATCTATTGGGATAACAGCAAACCCTCGGGGGTCCCAGATAGATTCTCCGGCTCAAAGTCTGGCAGTTCAGGCACCCTGACCATCACTGGGCTGCAGGCTGAGGACGAGGCTGATTATTACTGCTCAGCGTGGGATGATAGTCTCAGTGCTCA	True	IGL	14581171	15758467	562146
V	NW_025814839.1	15154044	-	CAGTCGGGGCCGATTCAACCATCCTCAGTGTCTGGGGCCCTGGGCCAGAGGGTCACCATCTCCTGCACTGGAGTTGATAGTTACGTGGGTTGGTACCAACAAATCCCAGGAATGGCCCCCAAAACCATCATCTATAATAATAACAACCGACCCTCCGGGGTCCCTGATCGATTCTCCGGCTCCAAGTCTGGCAGCACAGCCACCCTGACCATCACTGGGCTCCAGGCCGAGGACGAGGCTGATTATTACTGCGTATCGTGGTACAGCAGTGGCAGAGCTTA	True	IGL	14581171	15758467	572873
V	NW_025814839.1	15170358	-	CAGTCGGGACTGAATCAACCATCTTCAGTGTCTGGGGCCCTGGGCCAGAGGGTCACTATCTCCTGCACAGGAGTTGGTAGTTACGTGTACTGGTACCAACAAATCCCAGGAATGGCCCCCAAAACCATCATCTATGATAATAACCACCGACCCTCAGGGGTCCCTGATCGATTCTCCGGCTCCAAGTCTGACAGCACAGCCACCCTGACCATCACTGGGCTCCAGGCCGAGGACGAGGCTGATTATTACTGTTCATTGTGGGACAGCAGTGGCAGAGCTTA	True	IGL	14581171	15758467	589187
V	NW_025814839.1	15176942	-	CAGTCGGGACTGAATCAACCATCTTCAGTATCTGGGGCCCTGGGCCAGAGGGTCACTATCTCCTGCACTGGAGTTGGTAGTTACGTGGATTGGTACCAACAAATCCCAGGAATGGCCCCCAAAACCATCATCTATCGTAATAGCAACCGACCCTCGGGGGTCCCTGATCGATTCTCCGGCTCCAAGTCTGGCAGCACAGGCACCCTGACCATCACTGGGCTCCAGGCCGAGGACGAGGCTGATTATTACTGCTCATCGTGGTACAGCGGTGGAAGTGCTTA	True	IGL	14581171	15758467	595771
V	NW_025814839.1	15184518	-	CAGTCAGTGTTGACTCAGCCGCCCTCCGTGTCGGGGTCCCTGGGCCAGAGGGTCACCATCTCCTGCACTGGAAGCAGCTCCAACATCGGGGGTGGTAATTATGTGAGCTGGTACCGACAAGTCCCAGGAACGGCCCCCAGCCTCCTGATTTATGAGAATAACAAACGACCCTCCGGGGTCCCCGATCGATTCTCCGGCTCCAAGTCTGGCAGCTCAGGCTCCCTGACCATCACTGGGCTGCAGGCTGACGACGAGGCTGATTGTTACTGTGCATCATGGGACGATAGTCTCAGTGCTCA	True	IGL	14581171	15758467	603347
V	NW_025814839.1	15196736	-	CAGTCGGGGCCGAATCAACCATCCTCGGTGTCTGGGGCCCTGGGCCAGAGGGTCACCATCTCCTGCACAGGAGTTGGTAGTTGGGTGGGCTGGTACCAACAAATCCCAGGAATGGCCCCCAAAACCATCATCTATGATAACAGCAACCGACCCTCAGGGGTCCCTGATCGATTCTCCGGCTCCAAGTCTGGCAGCACAGGCACCCTGACCATCACTGGGCTCCAGGCCGAGGACGAGGCTGATTATTACTGCTCATCGTGGGACAGCAGTGGCAGAGCTTA	True	IGL	14581171	15758467	615565
V	NW_025814839.1	15207977	-	CAGTCGGGGCCGAATCAACCAACCTCAGTGTCTGGGGCCCTGGGCCAGAGGGTCACTATCTCCTGCACTGGAGTTGGTAGTTACGTGGGCTGGTACCAACAAATCCCAGGAATGGCCCCCAAAACCATCATCTATGATAATAGCAACCGACCCTCCGGGGTCCCTGATCGATTCTCCGGCTCCAAGTCTGGCAGCACAGCCACCCTGACCATCACTGGGCTCCAAGCCGAAGACGAGGCTGATTATTACTGCTCATCGTGGGACAGCAGTGGCAGTGCTTG	True	IGL	14581171	15758467	626806
V	NW_025814839.1	15216448	-	CAGTCAGTGTTGACTCAGCCGCCCTCCGTGTCGGGGTCCCTGGGCCAGAGGGTCACCATCTCCTGCACTGGAAGCAGCTCCAACATCGGGGGTGGTAGTTATGTGAGCTGGTACCGACAAGTCCCAGGAACGGCCCCCAGCCTCCTGATTTATGAGAATAACAAACGACCCTCCGGGGTCCCCGATCGATTCTCCGGCTCCAAGTCTGGCAGCTCAGGCTCCCTGACCATCACTGGGCTGCAGGCTGACGACGAGGCTGATTATTACTGTGCATCATGGGACGATAGTCTCAGTGCTCA	True	IGL	14581171	15758467	635277
V	NW_025814839.1	15228656	-	CAGTCAGGGCCGAATCAACCATCCTCAGTGTCTGGGGCCCTGGGCCAGAGGGTCACCATCTCCTGCACAGGAGTTGGTAGTTGGGTGGGCTGGTACCAACAAATCCCAGGAATGGCCCCCAAAACCATCATCTATGATAATAGCAACCGACCCTCCGGGGTCCCTGATCGATTCTCCGGCTCCAAGTCTGGCAGCACAGCCACCCTGACAATCACTGGGCTCCAGGCCGAAGACGAGGCTGATTATTACTGCTCATCGAGGGACAGCAGTGGCAGTGCTTA	True	IGL	14581171	15758467	647485
V	NW_025814839.1	15234989	-	CAGTCGGGGCCGAATCAACCATCCTCAGTGTCTGGGGCCCTGGGCCAGAGGGTCACCATCTCCTGCACTGGAGTTGGTAGTTACGTGGGCTGGTACCAACAAATCCCAGGAATGGCCCCCAAAACCATCATCTATTATGATAGCAACCGACCCTCCGGGGTCCCTGATCGATTCTCCGGCTCCAAGTCTGGCAGCACAGGCACCCTGACCATCACTGGGCTCCAGGCCGCGGACGAGGCTGATTATTACTGCTCAACGTGGGACAGCAGTGGCAGAGCTTA	True	IGL	14581171	15758467	653818
V	NW_025814839.1	15247288	-	CAGTCGGGGCCGAATCAACCATCCTCAGTGTCTGGGGCCCTGGGCCAGAGGGTCACCATCTCCTGCACTGGAGTTGGTAGTTACGTGGGTTGGTACCAACAAATCCCAGGAATGGCCCCCAAAACCATCATCTATGATAATAGTAACCGACCCTCAGGGGTCCCTGATCGATTCTCCGGCTCTAAGTCTGGCAGCACAGCCACCCTGACCATCACTGGGCTCCAGGCTGAAGACGAGGCTGATTATTACTGTTCATCGAGGTACAGCGGTGGCAGTGCTTA	True	IGL	14581171	15758467	666117
V	NW_025814839.1	15261290	-	CAGTCAGGGCCGAATCAACCATCCTCAGTGTCTGGGGCCCTGGGTCAGAGGGTCACTATCTCCTGCACTGGAGCTGGTAGTTACGTGGGCTGGTACCAACAAATCCCAGGAATGGCCCCCAAAACCATCATCTATGATAATAGCAACCGACCCTCAGGGGTCCCAGATCGATTCTCCGGCTCCAAGTCTGGCAGCACAGCCACCCTGACCATCACTGGGCTCCAGGCCGAGGACGAGGCTGATTATTACTGTTCATCGTGGTACAGCGGTAGCAGTGCTTA	True	IGL	14581171	15758467	680119
V	NW_025814839.1	15269928	-	CAGTCAGTGTTGACTCAGCCGCCCTCCGTGTCGGGGTCCCTGGGCCAGAGGGTCACCATCTCCTGCACTGGAAGCAGCTCCAACATCGGGGGTGGTAGTTATGTGAGCTGGTACCGACAAGTCCCAGGAGCGGCCCCCAGCCTCCTGATTTATGAGAATAACAAACGACCCTCCGGGGTCCCCGATCGATTCTCCGGCTCCAAGTCTGGCAGCTCAGGCTCCCTGACCATCACTGGGCTGCAGGCTGACGACGAGGCTGATTATTACTGTGCATCATGGGACGATAGTCTCAGTGCTCA	True	IGL	14581171	15758467	688757
V	NW_025814839.1	15280185	-	CAGTCGGGGCTGACTCAACCATCCTCAGTGTCTGGGGCCCTGGGCCAGAGGGTCACCATCTCCTGCACTGGAGTTGGTAGTTGGGTGGGCTGGTACCAACAAATCCCAGGAATGGCCCCCAAAACCATCATCTATGGTAATAGCAACCGACCCTCAGGGGTCCCTGATCGATTATCCGGCTCCAAGTCTGGCAGCACAGCCACCCTGACCATCACTGGGCTCCAGGCCGAGGACGAGGCTGATTATTACTGTTCATCGTGGTACAGTGGTAGCAGTGCTTA	True	IGL	14581171	15758467	699014
V	NW_025814839.1	15284042	-	CAGTCAGGGCCGAATCAACCATCCTCAGTGTCTGGGGCCCTGGGCCAGAGGGTCACCATCTCCTGCACTGGAGTTGGTAGTTGGGTGGACTGGTACCAACAAATCCCAGGAATGGCCCCCAAAACCATCATCTATGATAATAGCAACCGACCCTCAGGGGTCCCTGATCGATTCTCCGGCTCCAAGTCTGGCAGCACAGGCACCCTGACCATCACTGGGCTCCAGGCCGAGGACGAGGCTGATTATTACTGTTCATCGTGGTACAGCGGTAGCAGTGCTTA	True	IGL	14581171	15758467	702871
V	NW_025814839.1	15289305	-	CAGTCGGGGCCGAATCAACCATCCTCAGTGTCTGGGGCCCTGGGCCAGAGGGTCACTATCTCCTGCACTGGAGTTGGTAGTTACGTGGGCTGGTACCAACAAATCCCAGGAATGGCCCCCAAAACCATCATCTATGATAATAGCAACCGACCCTCCGGGGTCCCTGATCGATTCTCCGGCTCCAAGTCTGGCAGCACAGCCACCCTGACCATCACTGGGCTCCAGGCCGAGGACGAGGCTGATTATTACTGCGTATCGTGGTACAGCAGTGGCAGAGCTTA	True	IGL	14581171	15758467	708134
V	NW_025814839.1	15298047	-	CAGTCAGTGTTGACTCAGCCGCCCTCCGTGTCAGGGTCCCTGGGCCAGAGGGTCACCATCTCCTGCACTGGAAGCAGCTCCAACATCGGGGGTGGTAGTTATGTGAGCTGGTACCGACAAGTCCCAGGAGCGGCCCCCAGCCTCCTGATTTATGAGAATAACAAACGACCCTCCGGGGTCCCCGATCGATTCTCCGGCTCCAAGTCTGGCAGCTCAGGCTCCCTGACCATCACTGGGCTGCAGGCTGACGACGAGGCTGATTGTTACTGTGCATCATGGGACGATAGTCTCAGTGCTCA	True	IGL	14581171	15758467	716876
V	NW_025814839.1	15310037	-	CAGTCGGGACTGAATCAACCATCTTCAGTGTCTGGGGCCCTGGGCCAGAGGGTCACTATCTCCTGCACTGGAGCTGGTAGTTACGTGTACTGGTACCAACAAATCCCAGGAATGGCCCCCAAAACCATCATCTATCGTAATAGCAACCGACCCTCCGGGGTCCCTGATCGATTCTCCGGCTCCAAGTCTGGCAGCACAGGCACCCTGACCATCACTGGGCTCCAGGCCGAAGACGAGGCTGATTATTACTGCTCATCGTGGGACAATAGTGTAAAAGCTCA	True	IGL	14581171	15758467	728866
V	NW_025814839.1	15315308	-	CAGTCGGGACTGAATCAACCATCTTCAGTGTCTGGGGCCCTGGGCCAGAGGGTCACTATCTCCTGCACTGGAGTTGGTAGTTACGTGTACTGGTACCAACAAATCCCAGGAATGGCCCCCAAAACCATCATCTATGATAATAGCAACCGACCCTCAGGGGTCCCTGATCGATTCTCCGGCTCCAAGTCTGGCAGCACAGGCACCCTGACCATAACTGGGCTCCAGGCCGAGGACGAGGCTGATTATTACTGCTCAACGAGGGACGGCAGTGGCAGAGCTTA	True	IGL	14581171	15758467	734137
V	NW_025814839.1	15349644	-	CAGCCTGTGCTGACCCAGCCGCCCTCCCTGTCTGCATCTCCGGGAACAACAGCCAGACTCACCTGCACCCTGAGCAGCGGCTTCAATGTTGGAGGCTACTACATAAATTGGTTCCAGCAGAAGCCAGGGAGCCCTCCCCGGTATCTCCTGTACTACTACTCAGACTCAGATAAGCACCAGGGCCCCGGGGTCCCCAGCCGCTTCTCTGGGTCCAAAGATGCCTCGGCCAATGCGGGGCTTCTGCTCATCTCTGGGCCGCAGCCTGAGGACGAGGCTGACTATTACTGTGCTACAGATCATGGCAGTGGTTACTCACAGT	True	IGL	14581171	15758467	768473
V	NW_025814839.1	15387931	-	CAGCCTGTGCTGACCCAGCCGCCCTCCCTGTCTGCATCTCCGGGAACAACAGCCAGACTCACCTGCACCCTGAGCAGTGGCTACAACGTTGGCGGCTACCACATATACTGGTACCAGCAGAAACAAGGGACCGCTCCCCGATATCTACTGAGGTTCTACTCAGACTCAAATAAGCACCAGGGCCCTGGGGTCCCCAGCCGCTTCTCCGGGTCCAAAGACGCCTCGGCCAATGCGGGGCTTCTGCTCATCTCTGGGCCGCAGCCTGAGGACGAGGCTGACTATTACTGTGCTACAGGTTATGGCAGTGGGAGCAGCTACCTTTACT	True	IGL	14581171	15758467	806760
V	NW_025814839.1	15393513	-	CAGTCTGTGCTGACTCAGCCGCCCTCAGTGTCGGGGTCCCTGGGCCAGAGGGTCACCATCTCCTGCACTGGAAGCAGCTCCAACATCGGGCGTGGTAATTATGTGAGCTGGTACCAACAACTCTCAGGAACAGCTCCCAAACTCCTCATCTATCGTAATAGCAATCGACCCTCGGGGGTCCCAGATCGATTTTCTGGCTCCAAGTCTGGCAGCACGGGCTCCTTGACCATCACTGGGCTGCAGGCTGAGGACGAGGCTGATTATTACTGCTCAGCATGGGACAGCAGTCTCAGTGCTTA	True	IGL	14581171	15758467	812342
V	NW_025814839.1	15417800	-	CAGTCTGTACTGACTCAGTCACCCTCAGTGTCAGGCTCCTTGGGCCAGAGAGTCACCATCTCCTGCACTGGAAGCAGCTCCCACATCAGTAGCAATTTTGTGAACTGGTACCAACAACTCCCAGGCACAACCCCCAAAGCCATAATCCTTTGGGATGATAGCAGACCCTCGGGGGTCCCTGAACGATTCTCCGGCTCCAAGTCTGGCAGCACAGGCACCCTGACCATCACTGGGCTCCAGGCCGAGGACGAGGCTGATTATTACTGCTCAGCATGGGATGATAGTCTGAGAGCTCA	True	IGL	14581171	15758467	836629
V	NW_025814839.1	15423695	-	CAGCCTGTGCTCACTCAGCCACCCTCCCTCTCTGCATCTCTGGGAACAACAGCCAGACTCACCTGCACCCTGAGCAGTGGCTACAGTGTTGGCGGCTACCATATATACTGGTACCAGCAGAAACTAGGGACCTTTCCCAGGTATCTACTGAGATTCTACTCAGACTCAGATAAGCACCAGGGCCCTGGGGTCCCCAGCCGCTTCTTTGGGTCCAAAGATGCCTCAGCCAATGCAGGGCTTCTGCTCATCTCTGGGCCACAGCCTGAGGACGAGGCTGACTCTTCCTGTGCTACAGCTCATGGCATTGGGAGTAGCTTTGTCTACT	True	IGL	14581171	15758467	842524
V	NW_025814839.1	15428753	-	CAGTCTGAGCTGACTCAGCCGCCCTCAGTGTCCGGGGGCCTGGGCCAGAAGGTCACCATCTCCTGCGATGGAAGCATCACCAACATCGGTAGAATTAGTGTGAACTGGTACCAGCAGCTTCCAGGAAAGGCCCCTAAACTCCTCATCTATGCTAATAACAGACGACCGTCAAGTGTCACTGACAGATTTTCTGGCTCCAAGTCTGGCACCACAGGCTCCTTGACCATCACTGGGCTCCAGGCCGAGGACGAGGCTGATTATTACTGCCAGTCTCTTGACATTACTCAAGGTGCTGA	True	IGL	14581171	15758467	847582
V	NW_025814839.1	15440610	-	CAGCCTGTCGTGACTCAGCCAGCCTCCCTCTCTGCATCTCTGGGAGCAACAGCCAGACTCACCTGCACCCTCAGCAGGGACGTGAGCGTTGGTAGTAAAAGCATATACTGGTACCAACAGAATCCAGGGAGCCCTCCCCGGTATCTCCTGTACTACTACTCAGACTCCAGTACACAGTTGGGACCTGGGGTCCCCACCCGCTTCTCCGGATCCAAAGATGCCTCGGCCAATGCAGGGCTTCTGCTCATCTCTGGGCTGCAGCCTGAGGACGAGGCAGACTATTACTGTGCAATCTGGCACAGTAGTGCTTGT	True	IGL	14581171	15758467	859439
V	NW_025814839.1	15450528	-	CAGCCTGTCGTGACTCAGCCAGCCTCCCTTTCTGCATCTCTGGGAGCCACAGCCAGACTCACCTGCACCCTGAGCAGGGACATCAATGTTGGAGGCTACTACATACACTGGTACCAACAGAATCCAGGGAGCCCTCCCCGGTATCTCCTGTACTACTACTCAGACTCAGATAAGCACCAGGGCCCTGGCATCCCCAGCCGCTTCTCTGGGTCCAAAGATGCCTCGGCCAATGCAGGGCTTCTGCTCATCTCTGGGCTGCAGCCTGAGGACGAGGCTGACTATTACTGTGCTATAGCCCATGGCAGTGGAAGCAGCTTTGGTTACT	True	IGL	14581171	15758467	869357
V	NW_025814839.1	15468074	-	CAGTCTGTACTGACTCAGCCACCCTCGATGTCAGGCTCCTTGGGCCAGAGGGTCACCATCTCCTGCACTGGAAGCAGCTCCAACATCGGTAGCAATTATGTGAACTGGTACCAACAACTCTCAGGAACAGCTCCCAAACTCCTCATCTATCGTAATAGCAATCGACCCTCAGGGGTCTCTGATCGATTCTCCGGCTCCAAGTCTGGCAGCACAGGCACCCTGACCATCACTGGGCTCCAGGCCGAAGACGAGGCTGATTATTACTGCCTGTCTGCTGACGTTATTCAACGTACTGACACAGTGCTCC	True	IGL	14581171	15758467	886903
V	NW_025814839.1	15474021	-	CAGCCTGTGCTGACCCAGCCGCTCTCCCTGTCTGCATCTCCGGGAACAATTGCCAGACATCTGCACCTTGAGCAGTGGCTTCAGTGTTGGCAGCTATTACATACATTGGTTCCAGCAGAAGCCAGTGAGCCCTCCTCTATCTCCTGTACTACTACTCAGACTCAAATAAGCACCAGGGCCCTGGGATCCCCAGCCGCTTCTCTGGGTCCAAAGAAGCCTTGGCCAATGCAGGGCTTCTGCTCATCTCTGGGCCGCAGCCTGAGGACAAGGCTGACTCTTCCTGTGCTACAGCTCATGGCAGTGGGAGCAGCTTTGGCTTCT	True	IGL	14581171	15758467	892850
V	NW_025814839.1	15480041	-	CAGTCTGAGCTGACTCAGCCGCCCTCAGTGTCTGGGGGCCTGGGCCAGAAGGTCACGATCTCTTGCACTGGAAGCAGGAGCAACATCGGTATTGCTGGTGTGAACTGGTACCAACAGCTTCCAGGAAAGGCCCCTAAACTCCTCATCTATGGTAATAACAGACGACCCTCAAGTGTTTCTGACAGATTTTCTGGCTCCAAGTCTGGCAACACAGGCTCCTTGACCATCACTGGGCTCCAGGCCGAGGACGAGGCTGATTATTACTGCCTGTCTGTTGACGTTACGCAAGGTGCTGA	True	IGL	14581171	15758467	898870
V	NW_025814839.1	15491191	-	CAGCCTGTCGTGACTCAGCCAGCCTCTCTCTCTGCATCTCTGGGAGCAACAGCCAGACTCACCTGTACCCTCAGCAGGGACGTGAGCGTTGGTAGTAAAAACATATACTGGTACCAACAGAAGCCAGGGAGCCCTCCTCGGTATTTCCTGTACTACTACTCAGACTCCAGCAATGAGCTGGGACCCGGGGTCCCCAATCGAGTGTCTGGGTCCAAAGATGCCTCGGCCAATGCAGGGCTTCTGCTCATCTCTGGGCTGCAGCCTGAGGACGAGGCTGACTATTACTGTGCAATCTGGCACAGTAGTGCTGGT	True	IGL	14581171	15758467	910020
V	NW_025814839.1	15502277	-	CAGCCTGTGCCAACCCAGCCGTCCTCCCTGTCTGCATCTCCGGGAACAACAGCCAGACTCACCTGCACCCTGAGCAGTGGCTACAACGTTGGCGGCTACCACATATACTGGTACCAGCAGAAACAAGGGACCTCTCCCCGGTATCTACTGAGGTTCTACTCAGACTCAAATAAGCACCAGGGCCCTGGGGTCCCCAGCCGCTTCTCCGGGTCCAAAGATGCCTCGGCCAATGCAGGGCTTCTGCTCATCTCTGGGCTGCAGCCTGAGGACGAGGCTGACTATTACTGTGCTACAGGTTATGGCAGTGGGAGCAGCTTTGGTTGCT	True	IGL	14581171	15758467	921106
V	NW_025814839.1	15510736	-	CAGCCTGTCGTGACTCAGCCAGCCTCCCTCTCTGTATCTCTGGGAGCCACAGCCAGACTCACCTGCACCCTGAGCAGGGACATCAATGTTGGAGGCTACTACATATACTGGTACCAACAGAATCCAGGGAGCCCTCCCCGGTATCTCCTGTACTACTACTCAGACTCCAGTACACAGTTGGGACCTGGGATCCCCACCCGCTTCTCCGGATCCAAAGATGCCTCGGCCAATGCAGGGCTTCTGCTCATCTCTGGGCTGCAACCTGAGGACGAGACTGACTATTACTGTGGTATATATCATGGCAGTGGGAGCAGCTATCGTTACT	True	IGL	14581171	15758467	929565
V	NW_025814839.1	15517259	-	CAGCCTGTTGTGACTCAGCCAGCCTCCCTTTCTGCATCTCTGGGAGCAACAGCCAGACTCACCTGCACCCTGAGCAGGGACATCAATGTTGGAGGCTACTACATATACTGGTACCAACAGAATCCAGGGAGCCCTCCCCGGTATCTCCTGTACTACTACTCAGACTCCAGTACACAGTTGGGACCTGGGGTCCCCACCTGCTTCTCCGGGTCCAAAGATGCCTCGGCCAATGCAGGGCTTCTGCTCATCTCTGGGCTGCAGCCTGAGGACGAGGCTGACTATTACTGTGCAATCGGGCACAGTAGTGCTGGT	True	IGL	14581171	15758467	936088
V	NW_025814839.1	15541933	-	CAGTCGGGGCTGACTCAACCATCCTCAGTGTCTGGGGCCCTGGGCCAGAGGGTCACCATCTCCTGCACTGGAGTTGGTAGTTACGTGGACTGGTACCAACAAATCCCAGGAATGGCCCCCAAAACCATCATCTATGATAATAGCAACCGACCCTCAGGGGTCCCTGATCGATTCTCCGGCTCCAAGTCTGGCAGCACAGGCACCCTGACCATCACTGGGCTGCAGGCTGAGGACGAGGCTGATTATTACTGCTCAGCGTGGGATGATAGTCTCAGTGCTCA	True	IGL	14581171	15758467	960762
V	NW_025814839.1	15547203	-	CAGTCTGTACTGACTCAGCCATCCTCAGTGTCAGGCTCCTTGGGCCAGAGGGTCACCATCTCCTGCACTGGAAGTAGCTCCAACATCGGTAGCAATTATGTGAGCTGGTACCAACAACTCCCAGGCAAAACCCCCAAAACCATAATCTATTGGGATAATAGCAGACCCTCGGGGATCCCTGAACGATTCTCTGGCTCCAAGTCTGGCAGCACAGGCACCCTGACCATCACTGGGCTCCAGGCCGAGGACGAGGCTGATTATTATTGCTCATCGTGGGACAGCAGTGGCAGTGCTTA	True	IGL	14581171	15758467	966032
V	NW_025814839.1	15549373	-	CAGCCTGTGCTGACCCAGCCGCTCTCCCTGTCTGCATCTCCGGGAACAATTGCCAGACATCTGCACCTTGAGCAGTGGCTTCAGTGTTGGCAGCTATTACATACATTGGTTCCAGCAGAAGCCAGTGAGCCCTCCTCTATCTCCTGTACTACTACTCAGACTCAAATAAGCACCAGGGCCCTGGGGACCCCAGCCGCTTCTCTGGGTCCAAAGATGCCTTGGCCAATGCAGGGCTTCTGCTCATCTCTGGGCCGCAGCCTGAGGACAAGGCTGACTCTTCCTGTGCTACAGCTCATGGCAGTGGGAGCAGCTTTGGCTTCT	True	IGL	14581171	15758467	968202
V	NW_025814839.1	15555394	-	CAGTCTGAGCTGACTCAGCCGCCCTCAGTGTCTGGGGGCCTGGGCCAGAAGGTCACGATCTCTTGCACTGGAAGCAGGAGCAACATCGGTATTGCTGGTGTGAACTGGTACCAACAGCTTCCAGGAAAGGCCCCTAAACTCCTCATCTATGGTAATAACAGACGACCCTCAAGTGTTTCTGACAGATTTTCTGGCTCCAAGTCTGGCAACACAGGCTCCTTGACCATCACTGGGCTCCAGGCCGAGGACGAGGCTGATTATTACTGCCTGTCTGTTGACGTTACGCAAGGTGCTGA	True	IGL	14581171	15758467	974223
V	NW_025814839.1	15566794	-	CAGCCTGTCGTGACTCAGCCAGCCTCTCTCTCTGCATCTCTGGGAGCAACAGCCAGACTCACCTGCACCCTCAGCAGGGATGTGAGCGTTGGTAGTAAAAGCATATACTGGTACCAACAGAAGCCAGGGAGCCCTCCTCGGTATTTCCTGTACTACTACTCAGACTCCAGCAATGAGCTGGGACCCGGGGTCCCCAATCGAGTGTCTGGGTCCAAAGATGCCTCGGCCAATGCAGGGCTTCTGCTCATCTCTGGGCTGCAGCCTGAGGACGAGGCTGACTATTACTGTGCAATCTGGCACAGTAGTGCTGGT	True	IGL	14581171	15758467	985623
V	NW_025814839.1	15577749	-	CAGCCTGTGCTGACCCAGCCGTCCTCCCTGTCTGCATCTCCGGGAACAACAGCCAGACTCACCTGCACCCTGAGCAGTGGCTTCAACGTTGGAAGCTACTACATAAATTGGTTCCAGCAGAAGCCAGGGAGCCCTCCCCGGTATCTCCTGTACTACTACTCAGATTCAAATAAGCACCAGGGCCCTGGGGTCCCCAGCCGCTTCTCCGGGTCCAAAGATGCCTCGGCCAATGCGGGGCTTCTGCTCATCTCGGGGCCGCAGCCTGAGGACGAGGCTGACTATTACTGTGCTACAGGTTATGGCAGTGGGAGCAGCTACCATTACT	True	IGL	14581171	15758467	996578
V	NW_025814839.1	15585747	-	CAGCCTGTCGTGACTCAGCCAGCCTCCCTTTCTGCATCTCTGGGAGCCACAGCCAGACTCAGCTGCACCCTGAGCAGGGACATCAATGTTGGAGGCTACTACATACACTGGTACCAACAGAATCCAGGGAGCCCTCCCCGGTATCTCCTGTACTACTACTCAGACTCAGATAAGCACCAGGGCCCTGGGGTCCCCAGCCGCTTCTCCGGGTCCAAAGATGCCTCGGCCAATGCAGGGCTTCTGCTCATCTCTGGGCTGCAGCCTGAGGACGAGGCTGACTATTACTGTGCAATCTGGCCTAGTAGTGCTGGT	True	IGL	14581171	15758467	1004576
V	NW_025814839.1	15604384	-	CAGTCTGTACTGACTCAGCCATCCTCAGTGTCAGGCTCCTTGGGCCAGAGGGTCACCATCTCCTGCACTGGAAGCAGTTCCAACATCAGTAGCAATTATGTGAGCTGGTACCAACAACTCCCAGGCAAAACCCCCAAAACCATAATCTATTGGGATGATAGCAGACCCTCGGGGGTTCCTGAACGATTCTCTGGCTCCAAGTCTGGCAGCACAGGCACCCTGACCATCACTGGGCTCCAGGCTGAGGACGAGGCTGATTATTACTGCTCAGCATGGGATGGTAGTCTGAGAGCTCA	True	IGL	14581171	15758467	1023213
V	NW_025814839.1	15616789	-	CAATCTGAGCTGACTCAGCCGCCTTCAGTGTCTGGGGGCCTGGGCCAGACGGTCACCATCTCCTGCGCTGGAAGTGCCAACATCGGTATTGTTGGTGTGAACTGGTACCAACAGCTTCCAGGAAAGGCCCCTAAACTCCTCATCTCCACTAATAATGATCAACCCTCAGGGGTTTCTGGTCGATTTTCTGGCTCCACATCTGGCAACACAGGCTCCTTGACCATCACTGGGCTCCAGGCCGAGCACGAGGCTGATTATTACTGCCAGTCTCTTGACATTACTCAAGGTGCTGA	True	IGL	14581171	15758467	1035618
V	NW_025814839.1	15633798	-	CAGTCTGAGCTGACTCAGCCGCCCTCAGTGTCTGGGGGCCTGGGCCAGAAGGTCACCATCTCCTGCGCTGGAAGTGCCAACAACATCGGTATTGTTGGTGTGAACTGGTACCAACAGCTTCCAGGAAAAGCCCCTAAACTCCTCATCTCCGCTTATAGCAATCAACCCTCACGGGTTTCTGGTCGATTTTCTGGCTCCACGTCTGGCAACACAGGCTCCTTGACCATCACTGGGCTCCAGGCCGAGGACGAGGCTGATTATTACTGCACGTCTGCTGACTCTGTAGAAAGTGTTGA	True	IGL	14581171	15758467	1052627
V	NW_025814839.1	15644155	-	CAGCCTGTCGTGACTCAGCCAGCCTCCCTCTCTGCATCTCTGGGAGCAACAGCCAGACTCACCTGCACCCTCAGCAGGGACGTGAGCGTTGGTAGTAAAAGCATATACTGGTACCAACAGAAGCCAGGGAGCCCTCCCCGGTATCTCCTGTACTACTACTCAGATTCAAATAAGCACCAGGGCCCTGGGGTCCCCAGCCGCTTCTCCGGGTCCAAAGATGCCTCGGCCAATGCAGGGCTTCTGCTCATCTCTGGGCTGCAGCCTGAGGACGAGGCTGACTATTACTGTGCAATCTGGCACAGTAGTGCTGGT	True	IGL	14581171	15758467	1062984
V	NW_025814839.1	15653686	-	CAGCCTGTGCTGACCCAGCCGTCCTCCCTGTCTGCATCTCCGGGAACAACAGCCAGACTCACCTGCACCCTGAGCAGTGGGTTCAGTGTTGGAAGCTACTACATATACTGGTACCAGCAGAAGCCAGGGAGCCCTCCCCGGTATCTCCTGTACTACTACTCAGATTCAAATAAGCACCAGGGCCCTGGGGTCCCCAGCCGCTTCTCCGGGTCCAAAGATGCCTCGGCCAATGCAGGGCTTCTGCTCATCTCTGGGCCGCAGTCTGAGGACGAGGCTGACTATTACTGTGCTACATATCATAGCAGTGGGAGCAGCTACCCTTACT	True	IGL	14581171	15758467	1072515
V	NW_025814839.1	15662168	-	CAGCCTGTTGTGACTCAGCCAGCCTCCCTCTCTGTATCTCTGGGAGCCACAGCCAGACTCACCTGCACCCTGAGCAGGGACATCAATGTTGGAGGCTATAACATATACTGGTACCAACAGAATCCAGGGAGCCCTCCCCGGTATCTTCTGTACTACTACTCAGACTCCAGTACACAGTTGGGACCTGGGGTCCCCAGCCGCTTCTCCGGATCCAAAGATGCCTCGGCCAATGCAGGGCTTCTGCTCATCTCTGGGCTGCAGCCTGAGGACGAGGCTGACTATTACTGTGGTATATATCATGGCAGTGGGAGCAGCTATCGTTACT	True	IGL	14581171	15758467	1080997
V	NW_025814839.1	15668695	-	CAGCCTGTTGTGACTCAGCCAGCCTCCCTCTCTGTATCTCTGGGAGCCACAGCCAGACTCACCTGCACCCTGAGCAGGGACATCAATGTTGGAGGCTATAGCATATACTGGTACCAACAGAATCCAGGGAGCCCTCCCCGGTATCTCCTGTACTACTACTCAGACTCAGATAAGCACCAGGGCCCTGGGGTCCCCAGCCGCTTCTCTGGGTCCAAAGATGCCTCGGCCAATGCAGGGCTTCTGCTCATCTCTGGGCTGCAGCCTGAGGACGAGGCTGACTATTACTGTGCAATTGGGCACAGTAGTGCTGGT	True	IGL	14581171	15758467	1087524
V	NW_025814839.1	15675207	-	CAGCCTGTTGTGACTCAGCCAGCCTCCCTTTCTGCATCTCTGGGAGCAACAGCCAGACTCACCTGCACCCTGAGCAGGGACATCAATGTTGGAGGCTACTACATATACTGGTACCAACAGAATCCAGGGGGCCCTCCCCGGTATCTCCTGTACTACTACTCAGACTCCAGTACACAATTGGGACCTGGGGTCCCCACCTGCTTCTCCGGGTCCAAAGATGCCTCGGCCAATGCAGGGCTTCTGCTCATCTCTGGGCTGCAGCCTGAGGACGAGGCTGACTATTACTGTGCAATTGGGCACAGTAGTGCTGGT	True	IGL	14581171	15758467	1094036
V	NW_025814839.1	15733730	-	CAGCCGGTGCTGACCCAGCCACCCTCCCTCTCTGCATCTCTGGGAACTTCTGTGAGACTTACCTGTACCCTGAGCAGTGGCTTCAGAGTTGGTGATTTCTGGATAAACTGGTACCAGCAGAATCCAGGGAACCCTCCCCGGTATCTCCTGTACTACCACTCAGACTCAGATAAACACCAGGGCTCCGGGGTCCCCAGCCGCTTCTCTGGATCCAGTGATGCCTCGGCCAATGCAGGGCTTCTGCTCATCTCTGGGCTGCAGCCTGAGGATGAGGCTGACTATTACTGTAGCACATGGCATGGCAACTCTAAGTCTTA	True	IGL	14581171	15758467	1152559
