"GeneType	Contig	Pos	Strand	Sequence	Productive	Locus	ContigStart	ContigEnd	ContigPos"
"V	SUPER_14	25041096	+	CAGTCTGTGCTGACTCAGCCGCCCTCCGTGTCTGGAGCCCTGGGCCAGAGGGTCACCATCTCCTGCACTGGAAGCAGCTCCAACATCGGGGGTGGTAGTTATGTGAACTGGTTCCAACAGCTCCCAGGAAAAGCCCCCAGAACCATCATCTATGGTAATAGCAACAGACCCTCAGGGGTCCCGGATCGATTCTCTGGCTCCAAGTCTGGCAGCTCAGCCACCCTGACCATCACTGGGCTCCAGGCTGAGGACGAGGCTGAGTATTACTGTGCATCGGGGGACAACAGTCTCAAAGGTCA	True	IGL	25031096	25502508	10000"
"V	SUPER_14	25061174	+	CAGTCTGTGCTGACTCAGCCGCCCTCCGCGTCTGGAGCCCTGGGCCAGAGGGTCACCATCTCCTGCACTGGAAGCAGCTCCAACATTGGGAGTTATGGTTTTAGCTGGTACCAACAACTCCCAGGAAAAGCCCCCAGAACCATCATCTATTATAATAACAAACGACCCTCAGGGGTCCCGGATCGATTCTCTGGCTCCAAGTCTGGCAGCACAGGCACCCTGACCATCACTGGGCTCCAGGCTGAGGATGAGGCTGAATATTACTGCTCAGCGTCGGACAGCAGTGTCAGTGCTCA	True	IGL	25031096	25502508	30078"
"V	SUPER_14	25085948	+	CAGTCTGTGCTGACTCAGCCGCCCTCCGTGTCTGGAGCCCTGGGCCAGAGGGTCACCATCTCCTGCACTGGAATCAGCTCCATCATCGGGGGTGGTACATATGTGAGCTGGTACCAACAGCTCCCAGGAAAAGCCCCCAGAACCATCATCTATGATAACAGCAACCGACCCTCAGGGGTCCCGGATCGATTCTCTGGCTCCACGTCTGGCAGCTCAGGCACCCTGACCATCACTGGGCTCCAGGCTGAGGACGAGGCTGAGTATTACTGTGCATCGTGGGATGATAGTGTCAATGCTCC	True	IGL	25031096	25502508	54852"
"V	SUPER_14	25104971	+	CAGTCTGTGCTGACTCAGCCGCCCTCCGTGTCTGGAGCCCTGGGCCAGAGGGTCACCATCTCCTGCACTGGAAGCAGCTCCAACTTTGGGAGTTATGGTTTTAGCTGGTACCAACAACTCCCAGGAAAAGCCCCCAGAACCATCATCTATAGTAATAGCAACCGACCCTCAGGGGTCCCGGATCGATTCTCTGGCTCCAAGTCTGGCAGCACAGGCACCCTGACCATCACTGGGCTCCAGGCTGAGGATGAGGCTGAATATTACTGCTCAGCGTGGGACAGCAGTGTCACTGCTCA	True	IGL	25031096	25502508	73875"
"V	SUPER_14	25130023	+	CAGTCTGTGCTGACTCAGCCGCCCTCCGTGTCTGGAGCCCTGGGACAGAGGGTCACCATCTCCTGCACTGGAAGCAGCTCCAACATTGGGAGTTATGGTTTTAGCTGGTACCAACAACTCCCAGGAAAAGCCCCCAGAACCATCATCTATTATAATAACAAACGACCCTCAGGGGTCCCGGATCGATTCTCTGGCTCCAAGTCTGGCAGCACAGGCACCCTGACCATCACTGGGCTCCAGGCTGAGGACGAGGCTGAGTATTACTGCTCAGCGTTGGTCAGCAGTATCAGTGCTCA	True	IGL	25031096	25502508	98927"
"V	SUPER_14	25152877	+	CAGTCTGTGCTGACTCAGCCGCCCTCCGTGTCTGGGAGCCTGGGCCAGAGGGTCACCATCTCCTGCACTGGAAGCAGCTCCAACATCGGGGGTGGTAGTTATGTGAGCTGGTTCCAACAGCTCCCAGGAAAAGCCCCCAGAACCATCATCTATGGTAATAGTAACAGACCCTCAGGGGTCCCGGATCGATTCTCTGGCTCCAAGTCTGGCAGCTCAGCCACCCTGACCATCACTGGGCTCCAGGCTGAGGACGAGGCTGAGTATTACTGCCAGTCCTATGACAGCAGTCTCAATGGTCA	True	IGL	25031096	25502508	121781"
"V	SUPER_14	25184919	+	CAGTCTGTGCTGACTCAGCCGCCCTCCGTGTCTGGAGCCCTGGGACAGAGGGTCACCATCTCCTGCACTGGAAGCAGCTCCAACATTGGGAGTTATGGTTTTAGCTGGTACCAACAACTCCCAGGAAAAGCCCCCAGAACCATCATCTATTATAATAACAAACGACCCTCAGGGGTCCCGGATCGATTCTCTGGCTCCAAGTCTGGCAGCACAGGCACCCTGACCATCACTGGGCTCCAGGCTGAGGACGAGGCTGAGTATTACTGCTCAGCGTTGGTCAGCAGTATCAGTGCTCA	True	IGL	25031096	25502508	153823"
"V	SUPER_14	25207734	+	CAGTCTGTGCTGACTCAGCCGCCCTCCGTGTCTGGGAGCCTGGGCCAGAGGGTCACCATCTCCTGCACTGGAAGCAGCTCCAACATCGGGCGTGGTAGTTATGTGAGCTGGTTCCAACAGCTCCCAGGAAAAGCCCCCAGAACCATCATCTATAGTAATAACAACCGACCCTCAGGGGTCCCGGATCGATTCTCTGGCTCCAAGTCTGGCAGCACAGGCACCCTGACCATCACTGGGCTCCAGGCTGAGGACGAGGCTGAGTATTACTGCCAGTCCTATGACAGCAGTTTCAAAGGTCA	True	IGL	25031096	25502508	176638"
"V	SUPER_14	25240114	+	CAGTCTGTGCTGACTCAGCCGCCCTCCGTGTCTGGGGCCCTGGGCCAGAGGGTCACCATCTCCTGCACTGGAATCCCCACCGACACAGAATATTATGGAGAGGAATACCAATATACTGTGAACTGGTACCAACAGCTCCTAGGAAAGTCACCCATTCTCCTCATCTATAATGATGATAGCAGAAACTCTGGGGTCCCTGATCGATTCTCTGGTTCCAAGTCAGAAAGCTCAGCCACCCTGACCATCACTGGCCTTCAGGCTGAGGACGAAGCTGATTATTACTGCCAGTCCTATGATAGCAATCTCAATACTCA	True	IGL	25031096	25502508	209018"
"V	SUPER_14	25279281	+	GAGGCTGTGGTGACTCAGGAGCCCTCACTCACCGTGTCTCCAGGAGAGACAGTCTCTCTCGCCTGTGCCTCCAGCTATGGAGCGGTCAGCAATTTACACAATCCAGCTTGGTTCCAGCAGAAGCCTGGCCAATCCCCTAGGACATTGATTTATAATGCAGACAATAAGCCTTCCTGGACCGCTGCCCGATTCTCAGGCTCCCTCCTTGGGGGCAAAGCTGTCCTGACCCTCACAGGGGCCCAGCCCGAGGACGAGGCTGAGTACTACTGCTTCCTACAATATGGTGATGGTAAG	True	IGL	25031096	25502508	248185"
"V	SUPER_14	25292518	+	CGGGCCGTGGTGACCCAGGAGACTTCAATGACTTCAATGTCCCCAGGAGGAACAGTCACTCTCACCTGTGCCTCCAGCACCAGAGCAGTCACCAATGCTCACTATCCATACTGGTTCCAGCAGAAGCCTGGCCAATCCCCTAGGACATTGATTTTCAACATGAACAGCAAACACTCCTGGACCCCTGCCCGGTTCTCAGGTTCCCTTCTTGGGGGCAAAGCTGCCCTGACACTCACAGGGGCCCAGCCCGAGGACGAGGCCAAATACCACTGCTGGCTGGTATATGATGGTGTTAGG	True	IGL	25031096	25502508	261422"
"V	SUPER_14	25416377	+	CAGTCTGCCCTGACTCAGCCATCCTCAGTGTCTGGGGCTCTGGGACAGACAGTTACCATCTCTTGCACTGGAACCAGCAATGACATTGGGGGGTATAATGGTGTCTCCTGGCACCAACAGTATCCTGGCATGGCCCCCAAAACTCTGATTTATAATGTAAATAATCGGCCATCAGGGATCCCTGATCGCTTCTCTGGCTCCAAGTCTGGCAACACGGCCTCCCTGACCATCTCTAGGCTCCAGCCTGAGGATGAGGCTGAGTATTACTGTTCCTCATATAGAAGTGGTAGCACTTATC	True	IGL	25031096	25502508	385281"
"V	SUPER_14	25492508	+	TCCTATGTGCTGACTCAGCCCTCCTCGATGTCGGTGAACCTGGGACAGACGGCCAGCATCACCTGTCAGGGAGACAACATTGGAAGTAAATATGCTTCCTGGCACCAGCAGAAGCCAGGCCAAGCCCCCGTGACGGTCATTTATAAGGACACTGAGCGGCCCTCAGGGATCCCTGACCGATTCTCAGGCTCCAACTCGGGGAGCACGGCCACCCTGACCATCAGCGGGGCCCGGGCCGAGGACGAGGCTGACTATTACTGTCAGGCGGGGTACAGCAGTGCTGATGCT	True	IGL	25031096	25502508	461412"
